,評定者,対象,小さい,綺麗,癒し,柔らかい,ふわふわ,あたたかい,お洒落,美しい,優しい,女の子らしい,素敵,丸い,きらきら,無邪気,和み,幼い,華やか
0,yO+7FddMs,妹,2,-2,2,2,2,2,-1,-1,1,1,2,2,2,2,2,2,-2
1,fEkFadipa,動物,-1,2,2,0,0,2,2,2,2,-1,2,0,0,2,2,0,0
2,Zxjd7f3yE,ねこ,0,0,2,2,2,2,0,0,0,0,0,0,0,0,2,0,0
3,AQyJT8wuY,女の子,1,2,2,2,2,2,2,2,2,2,-1,1,2,2,2,0,2
4,E2PLla6IW,ハムスター,2,-1,2,2,2,2,-1,-1,1,-1,2,2,2,2,2,2,-1
5,39u3sbrho,おっちょこちょいな人,1,-1,2,0,1,1,0,0,1,1,1,0,1,2,2,2,0
6,lschzgsz4,子犬,2,-2,2,1,1,2,-2,-2,0,-2,0,0,0,-2,2,2,-1
7,KAo9s/28s,犬,2,0,2,0,2,2,-2,-2,-2,-2,-1,2,-2,2,2,-1,-2
8,x2JIha7pa,犬,0,0,2,0,2,2,-2,0,0,-2,0,-1,2,2,2,-1,0
9,lWQyu0KAw,動物,2,-1,2,0,2,0,-2,-1,-1,-2,-1,0,-2,0,2,1,-2
10,xZTY77lWM,ダッフィー,-1,-1,2,2,2,2,0,0,0,-2,1,1,-2,1,1,1,0
11,yO+7FddMs,子供,2,-2,1,1,1,1,-2,-1,1,0,1,1,1,1,1,1,-1
12,Qwt1NaTQw,小物,1,1,2,-1,-2,-2,2,2,1,2,2,-2,2,-2,0,-2,2
13,lk0rOHbVq,動物,1,-1,2,1,2,1,-1,0,2,-1,-1,1,0,2,2,1,-1
14,ey19HRe/,ハムスター,2,0,2,2,2,2,-1,0,-1,0,2,2,-1,2,2,-1,0
15,EnIktFsBo,星柄の物,0,1,0,-1,-2,-1,1,1,-1,0,2,-2,2,2,-1,-1,1
16,+ICPkmLS6,愛犬,2,-1,1,1,1,1,-1,0,1,-1,0,-1,0,2,1,1,-1
17,pXA1erXJk,ピンク,-2,2,2,2,2,2,2,2,2,2,2,-2,-2,-2,2,2,2
18,NRSXv1o06,ピンク,0,0,1,1,1,1,-1,-1,-1,2,-1,2,2,1,-2,1,1
19,Z2uCV4nI+,子供,2,-2,0,1,0,0,-2,-2,-2,-2,-2,0,2,2,-2,2,-2
20,fEkFadipa,ぬいぐるみ,0,0,2,1,2,2,0,0,2,1,2,1,1,2,2,1,1
21,Kd5ICgpJS,赤ちゃん,2,-2,2,2,-1,0,-2,-2,-2,-2,-2,2,-2,-1,1,1,-2
22,yoB7Zgsss,マイメロディ,0,1,2,2,2,2,-1,-1,-1,1,1,1,1,-1,2,-2,0
23,KvU4uz9zm,うさぎ,2,2,2,2,2,2,1,0,0,0,0,2,0,0,2,0,0
24,5t11p+6tE,カラフルな花柄のポーチ,-1,1,-1,-1,0,0,2,2,2,2,2,2,0,-1,-1,-1,2
25,Gt+RIPOxE,服,-2,2,2,0,2,1,2,2,1,2,2,1,2,2,2,2,2
26,E2PLla6IW,子犬,2,2,2,2,2,2,-2,-1,-1,-1,2,2,2,2,2,2,1
27,ThSFP/7c6,パステルカラー,-2,2,1,2,2,-2,2,2,2,2,2,-2,2,-2,-2,-2,2
28,ZZ7LSp8ru,犬,0,0,2,2,2,2,1,1,1,0,1,2,2,2,2,2,2
29,Zxjd7f3yE,水玉,0,0,0,0,0,0,1,0,-2,1,1,1,-2,-2,-2,-2,0
30,+Hpfbit+a,花柄,0,1,1,-2,1,1,1,2,-2,2,1,0,0,-2,-2,-2,2
31,0/GkxUC8a,赤ちゃん,2,-2,2,2,2,2,-2,-2,0,-1,2,2,1,2,2,1,-2
32,lschzgsz4,キラキラした小物,-2,2,1,-2,-2,-2,2,2,0,2,2,-1,2,-2,-2,-2,2
33,68qJcFZve,動物,0,-1,2,2,2,2,-1,-1,-1,-1,-1,0,-1,2,2,-1,-1
34,39u3sbrho,カエル,0,-1,1,0,0,0,-1,0,0,-1,0,1,1,0,1,-1,-1
35,b4FkUd+QW,ほんわかしているもの,-2,1,2,2,2,2,-1,0,2,2,0,1,-2,-2,2,-1,0
36,x2JIha7pa,友達,-1,2,2,-2,-1,2,2,2,2,2,2,-1,2,0,1,-1,2
37,7U+LCg3y8,犬,-1,0,2,2,2,2,-2,-2,0,-1,0,0,-2,2,2,-2,-2
38,6rimPm3+0,ひよこ,2,-1,2,2,2,2,-1,-1,1,0,-1,1,-1,2,2,1,-2
39,hx3923eKu,猫,2,-1,2,2,1,2,-1,1,-1,-1,1,1,-1,1,2,0,-1
40,F2seKdTJG,猫,2,1,2,2,2,2,-2,1,-2,-2,-2,1,-2,-1,2,1,-1
41,AQyJT8wuY,ピンク,-2,2,2,2,2,2,2,2,1,2,2,-2,0,1,0,-1,2
42,xZTY77lWM,シェリーメイ,1,0,2,2,2,2,1,1,2,2,2,2,-2,2,2,2,0
43,yO+7FddMs,服,-2,-2,1,0,1,-1,2,1,0,2,2,0,1,-2,1,-2,-1
44,lWQyu0KAw,ファッション,-2,2,0,-2,0,-2,2,0,0,2,1,-2,0,-1,-1,0,1
45,tMFkHybly,スヌーピー,-1,-2,1,1,0,0,0,-2,-2,-2,0,0,-2,0,1,-1,-1
46,fEkFadipa,お花,0,2,2,1,1,2,1,2,2,1,2,1,2,2,2,0,2
47,pXA1erXJk,芸能人,-2,2,2,2,2,-2,2,2,-2,2,2,-2,1,-1,0,-2,2
48,D8HshWhuC,ねこ,1,0,2,2,2,1,0,2,-2,-1,1,2,-1,-1,0,-1,-1
49,NRSXv1o06,犬,1,1,1,1,1,1,1,-1,0,0,1,1,1,1,1,0,0
50,lk0rOHbVq,赤ちゃん,2,0,1,1,1,1,-1,-1,-1,1,-1,2,-1,2,1,2,0
51,k3p2ZrXM0,アクセサリー,1,2,0,-1,0,0,2,2,0,2,1,-1,2,0,0,-2,2
52,Qwt1NaTQw,服,-2,2,2,1,1,2,2,2,0,1,2,-2,2,-2,2,-2,2
53,O0Zybf346,子供,2,-1,2,2,1,2,-1,-1,0,0,0,1,0,2,1,2,-1
54,+ICPkmLS6,赤ちゃん,2,0,2,2,2,2,-1,0,0,-1,0,1,2,2,2,2,-1
55,ey19HRe/,きらきらしたもの,-1,2,2,-1,-1,0,2,2,0,2,2,-1,2,0,0,-1,2
56,KvU4uz9zm,犬,2,0,2,2,2,2,1,0,1,1,1,2,0,2,2,1,1
57,E2PLla6IW,子猫,2,2,2,2,2,2,-1,2,2,-1,2,2,2,2,2,2,1
58,5t11p+6tE,パステルカラーの洋服,-1,1,2,2,2,1,0,0,1,2,2,1,0,0,1,0,0
59,Zxjd7f3yE,女の子,1,1,1,1,-2,1,1,1,1,1,1,1,1,-1,1,1,1
60,Fw8SEx7Kc,グルーミーと言うキャラクター,-1,-2,1,2,-1,-1,2,-2,-2,-1,0,-1,-1,-1,-2,-1,-1
61,Kd5ICgpJS,子犬,2,-2,2,2,2,2,-2,-2,-2,-2,0,1,-1,2,2,2,-2
62,EnIktFsBo,ぬいぐるみ,0,-1,1,1,2,1,-1,-2,0,1,0,1,-1,1,2,2,-1
63,+Hpfbit+a,綾瀬はるか,-1,2,2,1,2,2,1,2,0,2,2,-2,2,0,2,-2,1
64,lschzgsz4,赤ちゃん,2,-2,2,2,2,2,-2,0,1,0,-1,2,2,-2,2,2,-1
65,Gt+RIPOxE,髪型,1,2,2,2,2,2,2,2,2,2,2,2,2,2,2,2,2
66,x2JIha7pa,きゃりーぱみゅぱみゅ,2,2,2,-1,2,2,2,2,2,2,2,0,2,2,0,-1,2
67,ThSFP/7c6,雑貨,2,2,2,-2,2,2,2,2,2,2,2,-1,-2,-2,2,-2,1
68,fEkFadipa,小物,2,1,2,0,0,2,2,2,2,-1,2,0,1,0,2,-1,1
69,c5CsQRoM+,ファッション,0,2,0,1,0,1,2,2,-1,0,2,-1,2,-1,0,-1,2
70,yO+7FddMs,動物,1,-2,1,1,1,1,-1,0,0,0,1,1,1,1,1,0,-2
71,syPIKye4y,アイドル,0,2,2,0,-1,-2,1,1,0,2,1,-2,-2,1,0,0,1
72,68qJcFZve,リボン,0,0,-1,0,1,-2,2,-1,-2,-2,1,-2,1,-2,-2,-2,1
73,xZTY77lWM,プーさん,0,0,2,2,2,2,2,-2,1,-2,1,2,-2,0,0,-1,-1
74,hx3923eKu,小さい子,2,-2,2,2,1,2,-1,-2,1,0,0,1,2,2,2,2,-1
75,/PHWjtxQs,笑顔,1,0,2,1,1,1,2,1,2,2,2,0,-1,2,2,1,-1
76,pXA1erXJk,キラキラ,2,2,2,0,0,-2,2,2,-1,2,2,2,2,-2,1,-2,2
77,AQyJT8wuY,ふわふわ,0,2,2,2,2,2,2,2,2,2,2,1,2,2,1,2,2
78,6rimPm3+0,Miranda Kerr,-2,2,1,-1,-2,1,2,2,1,2,2,-2,0,-2,-1,-1,1
79,tMFkHybly,妹,2,-1,2,2,2,1,-2,-1,2,2,1,0,0,2,2,2,-1
80,7U+LCg3y8,洋服,-2,2,-2,-2,-2,-2,2,2,-2,2,2,-2,2,-2,-1,-2,1
81,Gt+RIPOxE,ぬいぐるみ,2,2,2,2,2,2,2,2,2,2,2,2,2,2,2,2,2
82,D8HshWhuC,ハムスター,2,-1,2,2,2,2,-1,-1,-1,-1,0,2,-1,0,2,-1,-1
83,lWQyu0KAw,顔,2,2,-2,2,2,-2,-1,2,1,2,1,2,0,1,0,2,0
84,x2JIha7pa,増田貴久,-2,-2,2,1,2,2,2,2,2,0,2,1,2,2,2,0,2
85,k3p2ZrXM0,服,-1,2,1,2,2,0,2,2,-2,2,2,-2,0,-2,0,-2,2
86,KvU4uz9zm,猫,2,2,2,2,2,2,2,2,2,2,2,2,1,2,2,0,2
87,lschzgsz4,ワンピース,-2,2,-1,-2,-2,-1,2,2,-1,2,2,-2,2,-2,-2,-2,2
88,E2PLla6IW,サル,2,-1,2,1,1,2,-2,-1,1,-1,2,-1,2,2,2,2,-1
89,+ICPkmLS6,ワンピース,-1,0,1,1,0,0,1,1,1,2,1,-2,2,1,0,1,0
90,EnIktFsBo,犬(ヨークシャテリア),2,-1,2,2,2,1,-1,-1,1,1,0,1,-1,1,2,0,-1
91,+Hpfbit+a,小さい子,2,-1,2,2,2,2,-2,-2,-2,-2,1,1,1,1,1,2,-2
92,XK3Z5LJNy,犬,0,-1,2,2,1,2,0,0,2,-1,2,-1,2,2,2,0,-1
93,lk0rOHbVq,服,-2,0,-1,-1,0,0,1,0,-2,0,1,-2,0,-2,-1,-2,-1
94,ThSFP/7c6,花柄,2,2,2,2,2,2,2,2,2,2,2,2,2,-2,2,-2,2
95,O0Zybf346,動物,1,-1,2,1,2,2,-2,0,-1,-2,-1,1,-1,2,0,-1,-2
96,F2seKdTJG,ピンク色,-2,1,2,2,2,-1,-1,-1,2,2,1,-2,-1,-2,-2,-2,2
97,Kd5ICgpJS,女の子,-1,1,1,1,0,1,2,2,1,2,2,-1,2,0,1,0,2
98,fEkFadipa,子供,2,2,2,2,2,2,0,2,2,0,2,2,2,2,2,2,2
99,Qwt1NaTQw,アクセサリー,1,2,2,-2,-2,0,2,2,1,2,2,-1,2,-2,0,-2,2
100,syPIKye4y,ピンク,-2,0,-2,0,0,-1,-1,-1,-1,2,-1,-1,-2,-2,-2,1,1
101,c5CsQRoM+,フランスの女の子,2,2,2,2,2,2,2,2,2,2,2,1,2,2,2,1,2
102,x2JIha7pa,ミニーマウス,1,1,2,0,1,1,2,2,1,2,2,0,2,1,1,0,1
103,obSIK8Bry,ショートカット,2,0,2,2,2,1,1,1,1,2,1,1,2,1,0,1,1
104,/PHWjtxQs,デコレーション,2,2,2,2,2,2,2,2,2,0,2,0,0,2,2,2,2
105,hx3923eKu,おばあちゃん,2,1,1,1,1,2,-1,0,2,0,1,-1,-1,-1,2,-2,0
106,68qJcFZve,ピンク,-2,-2,-2,-2,-2,-2,1,1,-2,2,0,-2,2,-2,-2,-2,2
107,Fw8SEx7Kc,花柄の服,-1,2,2,2,2,2,2,2,2,2,2,0,-1,-2,-1,-1,2
108,Z2uCV4nI+,動物,0,-2,1,-2,-2,1,-2,-2,-2,-2,-2,-2,-2,2,1,-2,-2
109,tMFkHybly,忍たま乱太郎,1,0,2,-1,0,2,-1,1,2,-2,2,-1,1,2,2,2,2
110,nEo1hVR42,我が家の猫,1,1,2,2,2,2,-2,1,-2,0,0,1,-1,2,2,1,-1
111,ThSFP/7c6,犬,2,-2,2,2,2,2,2,2,2,2,2,2,2,-2,-2,2,2
112,Gt+RIPOxE,ネイル,2,2,2,2,2,2,2,2,2,2,2,2,2,2,2,2,2
113,AQyJT8wuY,甘いもの,-2,0,2,2,2,2,1,1,1,2,-1,0,-2,-2,2,2,0
114,KvU4uz9zm,インコ,2,2,2,2,2,2,2,2,2,2,2,2,2,2,2,1,2
115,6rimPm3+0,マニキュア,1,1,-1,-2,-2,-2,2,2,-1,1,1,-2,-2,-2,-2,-2,1
116,k3p2ZrXM0,キャラクター,-1,-1,1,-2,-1,-1,0,0,0,-1,0,-2,0,0,1,-2,-1
117,7U+LCg3y8,バッグ,-2,2,0,-2,-2,-2,2,2,-2,2,2,-2,0,-2,-2,-2,-1
118,E2PLla6IW,ブタ,1,-1,2,-1,-2,2,-2,-2,-1,-2,1,2,1,0,2,0,0
119,5t11p+6tE,ハートやリボンがモチーフのアクセサリー,2,2,1,-1,0,2,0,1,2,2,2,1,0,0,1,1,2
120,F2seKdTJG,赤ちゃん,2,-2,2,2,2,2,-2,-2,2,1,-2,2,2,2,2,2,1
121,/PHWjtxQs,洋服,2,2,2,2,2,2,2,2,2,2,2,-1,-1,2,2,2,2
122,c5CsQRoM+,モデル・女優,0,2,1,1,1,0,2,2,0,1,2,-1,2,0,1,0,2
123,Kd5ICgpJS,幼児,2,-2,0,0,0,1,-2,-2,-1,-1,1,1,2,2,0,2,-1
124,Qwt1NaTQw,動物,1,-1,2,2,2,2,-2,-1,-2,-2,0,-2,-2,2,2,-2,-2
125,hx3923eKu,青系統の色のもの,0,2,0,0,-1,-1,2,2,0,-1,2,0,0,0,2,-1,0
126,tMFkHybly,イナズマイレブン,0,0,2,0,-1,2,-1,2,2,-2,2,-1,2,2,2,2,1
127,68qJcFZve,レース,-1,1,-1,2,2,-1,2,1,-2,2,1,-1,-2,-2,-2,-2,2
128,obSIK8Bry,赤ちゃん,2,2,2,2,2,2,-1,0,2,0,0,2,0,2,2,2,-1
129,DDEtD7JlW,うさぎ,0,0,2,0,0,2,-2,-1,0,0,2,-2,0,2,2,-1,0
130,nEo1hVR42,その他の猫,1,0,2,1,1,1,-2,1,-2,1,1,0,0,1,2,0,-1
131,ThSFP/7c6,ブタ,2,-2,-2,2,2,2,2,2,-2,-2,-2,2,-1,1,2,-1,-1
132,AQyJT8wuY,小動物,2,1,2,2,2,2,-1,1,1,2,1,2,-1,1,2,2,-1
133,6rimPm3+0,ぬいぐるみ,2,-1,2,2,2,1,-1,-1,0,1,-1,1,-2,-1,0,1,-2
134,/PHWjtxQs,ぬいぐるみ,2,2,2,2,2,2,2,2,2,2,2,-2,-2,2,2,2,2
135,7U+LCg3y8,サンダル,-2,1,-2,-2,-2,-2,2,2,-2,2,2,-2,-1,-2,-2,-2,2
136,Gt+RIPOxE,花柄,2,2,2,2,0,2,1,2,2,2,1,1,2,2,2,-1,2
137,c5CsQRoM+,赤ちゃん,2,2,2,2,2,2,-1,2,2,1,2,2,0,2,2,2,-1
138,Fw8SEx7Kc,ピンク色の小物,1,2,2,0,2,2,2,2,2,2,2,0,-1,-2,-2,-1,0
139,Z2uCV4nI+,花,0,1,1,-2,-2,-2,-2,2,-2,1,1,-2,1,-2,0,-2,2
140,7evdA3bIQ,赤ちゃん,2,0,2,2,2,2,-2,0,2,0,2,2,2,2,2,2,2
141,Qwt1NaTQw,友達,-2,2,1,-2,-2,2,2,2,2,2,2,-2,-2,1,1,-2,0
142,Kd5ICgpJS,レース,1,2,-1,2,2,2,2,2,2,2,2,0,2,-2,-1,-1,2
143,68qJcFZve,モデルさん,-1,2,-1,-1,-1,-1,2,2,-1,1,2,-1,2,-1,-1,-1,2
144,/PHWjtxQs,声,2,2,2,2,2,2,2,2,2,2,2,-2,-2,2,2,2,2
145,nEo1hVR42,爬虫類（蛇・とかげ）,1,1,2,-2,-2,-2,-1,2,-2,-2,2,0,-1,-1,2,-1,-2
146,hx3923eKu,キャラクター,1,2,1,1,1,1,2,2,2,-2,2,-1,2,-1,-1,-1,2
147,7evdA3bIQ,子供,2,-1,2,2,2,2,-2,2,2,-1,2,2,2,2,2,2,2
148,c5CsQRoM+,アクセサリー,2,2,2,-1,-1,-2,2,2,0,2,2,1,2,-1,-1,-2,2
149,obSIK8Bry,小さいアクセサリー,2,2,2,1,0,2,2,2,1,2,2,-1,2,-1,2,-1,0
150,6rimPm3+0,スヌーピー,2,-1,1,0,0,0,1,-1,1,0,1,0,-2,1,0,0,-2
151,DDEtD7JlW,ねこ,1,0,2,1,1,2,-1,0,2,1,0,-2,-1,2,2,-1,0
152,7evdA3bIQ,犬,-1,2,2,2,2,2,-1,2,2,-1,2,0,2,2,2,2,2
153,Fw8SEx7Kc,ガーリーな雑貨,0,2,2,2,2,0,2,2,2,2,2,-1,-2,-2,-2,0,1
154,nEo1hVR42,小さいもの,2,0,0,0,0,0,0,0,0,2,1,1,1,1,1,1,0
155,Ivxlf4VuU,ペットのインコたちが寝てるとき,1,-1,2,2,2,1,-2,-2,1,-1,-1,2,-1,0,2,1,-2
156,obSIK8Bry,スニーカーが似合うこと,2,0,2,2,2,1,2,0,1,2,2,1,2,2,1,1,1
157,DDEtD7JlW,犬,1,0,2,1,0,2,0,0,2,0,1,-1,0,2,2,0,0
158,nEo1hVR42,ロリータ・ゴスロリ,0,2,1,1,2,0,2,2,2,1,2,0,0,-1,0,0,2
159,obSIK8Bry,色白,1,2,2,2,2,2,0,2,2,2,2,0,2,0,2,0,1
160,Ivxlf4VuU,猫,0,1,2,1,1,1,-1,1,-1,-2,1,0,-1,1,2,0,-1
161,Ivxlf4VuU,祖父母が飼っている犬,0,-1,1,1,1,1,-1,-2,-1,-2,-1,0,-2,2,1,0,-2
162,Ivxlf4VuU,幸せそうな笑顔,-1,1,1,1,0,2,-1,1,2,-1,2,1,-1,0,2,1,0
163,Ivxlf4VuU,外国の民芸品,0,2,1,0,0,0,1,1,2,-1,2,0,0,-1,1,-1,2
164,vCRAu6MT0,篠田麻里子,-2,2,2,-2,-2,2,2,2,2,2,2,-2,2,2,2,-2,2
165,6OJl9rM7g,パンダ,0,-2,2,2,2,2,-2,-2,1,-2,2,2,-2,2,2,0,-2
166,wL0tYZYUS,赤ちゃん,2,0,2,2,-2,2,-2,-1,-1,-1,-1,1,1,2,2,2,1
167,HTuQxp6Dk,犬,2,0,2,1,2,2,0,0,1,0,0,1,0,2,2,0,0
168,6OJl9rM7g,赤ちゃん,2,-2,2,2,2,2,-2,-2,-2,-2,2,2,-2,2,2,2,-2
169,mclyPQP7M,動物,2,0,2,2,2,2,-1,2,1,0,1,2,1,2,2,2,2
170,ujVPyd39o,大型犬,-2,1,2,2,2,2,2,2,2,2,2,2,2,2,2,2,2
171,4G1BHLSiM,犬,1,-1,2,2,2,2,-1,-1,0,-1,1,1,0,2,2,2,0
172,wL0tYZYUS,犬,2,2,2,2,2,2,2,2,2,-2,1,2,-1,2,2,2,2
173,6Xg+rv8Vi,犬,0,-2,2,2,2,2,-2,-2,2,-1,-1,2,2,2,2,2,-2
174,Rj/I2VCKg,アクセサリー,1,2,2,0,2,0,2,2,0,2,2,0,2,0,2,1,2
175,6e5WchKpo,友達,1,2,2,1,1,1,2,2,1,2,1,1,1,1,1,0,0
176,neOpYpc06,外国の女の子,2,2,2,2,2,2,2,2,2,2,2,2,2,2,2,2,2
177,f6XIptva8,海外の小物,-1,0,-1,-2,1,-1,2,1,0,2,1,0,2,0,1,-1,2
178,xdR2ejI10,犬,0,-2,2,2,2,2,-1,-2,2,0,-1,2,1,2,2,2,-1
179,6OJl9rM7g,赤色の財布,-2,2,-2,-2,-2,-2,2,2,-2,-2,2,-2,2,-2,-2,-2,2
180,KZcS2yN9u,猫,2,1,2,2,2,1,-2,0,-1,1,1,0,-2,2,2,-1,-2
181,wL0tYZYUS,猫,2,2,2,2,2,2,2,2,0,-1,2,2,2,2,2,2,2
182,HTuQxp6Dk,洋服,-2,2,1,1,0,-1,2,1,-2,1,2,-2,0,-2,-1,-2,2
183,mclyPQP7M,ピンク,-1,2,2,2,2,2,1,2,-1,2,2,-1,1,-1,2,-1,2
184,ujVPyd39o,赤ちゃん,2,-1,2,2,1,2,-1,0,2,-1,2,2,2,2,2,2,2
185,6Xg+rv8Vi,吉高ゆりこ,0,2,2,1,2,0,2,2,0,2,2,-2,2,2,2,-2,1
186,w5+QO9FC4,愛犬の表情、しぐさ等すべて,2,-2,2,2,2,1,-2,0,1,-2,0,2,1,2,2,0,-2
187,4G1BHLSiM,ピンク,-2,1,-1,0,0,1,1,0,1,2,1,1,0,0,1,1,1
188,f6XIptva8,ピンク色,1,1,1,1,2,-1,-1,-1,0,2,1,2,1,0,0,1,0
189,wL0tYZYUS,子供,2,-1,2,2,-2,2,2,2,2,2,2,2,2,2,2,2,2
190,neOpYpc06,知念侑李,2,2,1,2,1,0,1,2,1,1,2,1,2,1,0,-1,1
191,6e5WchKpo,猫,0,1,2,1,1,1,-1,2,0,-1,1,0,1,2,2,-2,1
192,xdR2ejI10,お花,2,2,2,1,1,1,2,2,2,1,2,0,2,1,2,-2,2
193,HTuQxp6Dk,友達,-2,0,1,-2,-2,1,2,1,2,2,2,-2,2,2,2,-2,1
194,7FyONqzU,家で飼っている犬,-2,1,2,2,2,2,-2,2,1,-1,1,1,-1,2,2,0,0
195,KZcS2yN9u,宮崎あおい（女優）,-1,2,2,-1,0,1,2,2,2,2,2,-1,0,0,1,-2,0
196,6Xg+rv8Vi,北川景子,-2,2,0,0,2,-1,2,2,-1,2,2,-1,2,0,-1,-2,2
197,w5+QO9FC4,中居正広の表情、話し方,-2,2,2,1,2,2,2,2,2,0,2,-2,2,2,2,0,2
198,AdpdnEOno,ヘアアクセサリー,1,2,0,1,1,-2,2,1,-1,2,1,0,1,-2,-2,-2,1
199,uCXwiQ0AQ,猫,2,1,2,2,2,2,0,1,2,2,2,2,-1,2,2,0,0
200,4G1BHLSiM,動物,0,-1,2,2,2,2,-1,-1,0,-2,2,1,-1,2,2,1,-1
201,ujVPyd39o,少女時代,-2,2,1,-1,-1,-1,2,2,-1,2,2,-2,2,-2,0,-2,2
202,Rj/I2VCKg,髪型,0,2,2,2,2,1,2,2,0,2,2,0,1,1,1,1,2
203,f6XIptva8,流行のもの,-2,2,1,0,1,-1,1,1,0,0,2,-2,0,0,0,-2,2
204,neOpYpc06,赤ちゃん,2,1,2,2,2,2,0,1,2,2,2,2,2,2,2,2,1
205,KZcS2yN9u,アニメの美少女キャラ,0,1,2,2,1,2,0,2,2,2,2,0,2,2,2,0,2
206,HTuQxp6Dk,小物,2,2,2,2,2,-1,2,2,-1,2,2,2,2,-2,1,-1,2
207,6e5WchKpo,赤ちゃん,2,1,2,2,2,1,-2,1,1,-1,0,1,2,2,2,2,-1
208,xdR2ejI10,赤ちゃん,2,0,2,2,2,2,-1,0,2,2,1,2,2,2,2,2,0
209,6Xg+rv8Vi,ピアス,2,2,-2,-2,-2,-2,2,2,-2,2,2,2,2,-2,-2,-2,2
210,uCXwiQ0AQ,女の子,2,2,2,2,2,2,2,2,2,2,2,2,2,2,2,2,2
211,4G1BHLSiM,子供,2,-1,2,2,2,2,-1,0,0,0,2,2,2,2,2,2,0
212,7FyONqzU,動物,-1,-1,2,0,0,1,-2,2,0,-2,2,-1,-1,-2,2,-1,0
213,AdpdnEOno,レース,0,2,2,2,2,1,1,2,2,2,1,-1,0,-2,1,-1,1
214,w5+QO9FC4,ハローキティ,2,-2,-2,-2,0,2,-2,-2,1,2,0,1,2,1,1,0,0
215,ujVPyd39o,ZARA,-2,2,0,0,0,1,2,2,-1,1,2,-1,2,-1,1,-2,2
216,neOpYpc06,香水,2,2,2,0,0,1,2,2,0,1,2,2,2,0,1,-1,2
217,HTuQxp6Dk,化粧品,1,2,2,1,1,-1,2,2,-2,2,2,-2,2,-2,0,-2,2
218,6Xg+rv8Vi,ミッキー,-1,-2,2,1,0,2,-2,-2,2,-2,2,2,2,2,2,0,-2
219,uCXwiQ0AQ,ピンク,0,2,2,2,2,2,2,2,2,2,2,2,2,2,2,2,2
220,6e5WchKpo,芸能人,-1,2,0,0,0,-1,2,2,1,0,2,-1,2,0,1,-1,2
221,Rj/I2VCKg,髪色,-1,2,2,2,2,0,2,2,-1,2,2,0,2,2,0,1,2
222,ujVPyd39o,長谷川潤,-2,2,2,2,2,2,2,2,2,2,2,2,2,2,2,2,2
223,w5+QO9FC4,ダッフィー,0,-2,2,2,2,2,-2,-2,2,-2,0,2,2,0,2,0,-1
224,neOpYpc06,クッション,0,2,2,2,2,2,2,2,2,2,2,2,2,1,2,1,2
225,uCXwiQ0AQ,服,-1,2,1,2,2,2,2,2,2,2,2,2,2,2,2,1,2
226,xdR2ejI10,女の子,2,2,2,2,2,0,2,2,2,2,2,2,2,2,2,1,2
227,AdpdnEOno,アンティーク,-2,0,2,2,0,0,2,1,0,0,1,-2,-1,-2,1,-2,-2
228,7FyONqzU,ぬいぐるみ,0,-1,2,2,2,0,-1,-1,1,2,1,1,-1,0,2,2,-2
229,bT2TTUTCK,犬,0,-1,1,2,2,2,-1,-1,0,0,0,1,0,1,2,0,-1
230,w5+QO9FC4,ピンク色の雑貨,-2,2,2,-2,-2,-2,2,1,-2,1,1,-2,1,-2,0,-2,2
231,uCXwiQ0AQ,アクセサリー,1,2,1,1,1,1,2,2,2,2,2,1,2,2,2,1,2
232,6e5WchKpo,アクセサリー,0,2,0,0,0,-1,2,-1,-1,0,1,0,2,-1,1,-2,2
233,Rj/I2VCKg,顔,0,2,2,2,2,1,0,2,2,2,2,2,0,1,1,2,2
234,AdpdnEOno,赤ちゃん,2,-2,1,2,2,0,-2,-2,-2,1,-2,0,0,1,0,2,-2
235,bT2TTUTCK,洋服,-2,2,0,1,1,-2,2,2,-1,2,2,-1,1,-1,-1,-1,2
236,xdR2ejI10,アクセサリー,2,2,-2,-2,-2,-2,2,2,-1,2,2,0,2,-2,-2,-2,2
237,7FyONqzU,小さい子ども,2,-1,1,2,0,1,-2,-1,1,-1,0,-1,2,2,0,2,-1
238,AdpdnEOno,バレリーナのマスコット,2,2,2,2,2,-2,1,1,-1,2,0,-2,2,-2,-2,0,1
239,Rj/I2VCKg,服,0,2,2,2,2,2,2,2,-1,2,2,0,2,0,2,0,2
240,bT2TTUTCK,化粧品,1,2,2,1,1,-1,2,2,-1,2,2,0,2,1,1,-1,2
241,bT2TTUTCK,赤ちゃん,2,1,2,2,2,2,0,2,2,2,2,2,2,2,2,2,0
242,7FyONqzU,自分の好みに合った小物,2,-1,2,0,1,-1,0,1,-1,-1,2,0,2,2,2,-2,0
243,1/rTuuw28,愛犬,2,-1,2,2,2,2,-1,-1,-1,-1,2,2,-1,2,2,0,-1
244,k/LMMqbra,赤ちゃん,2,0,2,2,2,2,-2,0,-2,-2,2,2,2,2,2,2,-2
245,9AVtLB2Fu,ぬいるぐみ,0,-1,2,2,2,2,-1,-1,1,2,0,1,1,2,2,2,-1
246,zxNN9DZQC,安室奈美恵,-2,2,2,-2,0,-2,2,2,0,0,0,-2,-2,-2,-2,-2,-2
247,zxNN9DZQC,ピンク,-2,-2,-2,-2,2,0,-2,-2,-2,2,-2,-2,-2,-2,-2,-2,-2
248,zxNN9DZQC,デイジー,-2,2,2,2,2,2,-2,-2,-2,-2,-2,-2,-2,-2,2,-2,-2
249,zxNN9DZQC,薔薇,-2,2,2,0,0,-2,-2,-2,-2,2,-2,-2,-2,-2,-2,-2,2
250,82g9anDgk,愛犬,2,0,2,0,0,2,0,0,0,-2,-1,0,-1,2,0,1,0
251,82g9anDgk,服・小物,-1,2,0,-2,-2,-2,2,1,-2,1,2,-2,2,-2,-1,-2,2
252,82g9anDgk,芸能人,-2,2,-1,-2,-2,-2,2,2,0,2,2,-2,2,0,-2,-1,2
253,bAAu5TQlW,飼い犬,-2,1,2,2,-1,2,-2,1,1,-2,1,-1,1,2,2,-1,-1
254,bAAu5TQlW,赤ちゃん,2,-2,2,2,0,2,-2,-2,0,1,-2,2,2,2,2,2,-2
255,bAAu5TQlW,動物全般,0,0,2,2,2,2,-2,0,0,0,0,0,2,2,2,0,0
